{"cameraMode":{"drawMode":0,"name":"Shaded","section":"Shading Mode"},"sceneLighting":true,"audioPlay":false,"sceneViewState":{"m_AlwaysRefresh":false,"showFog":true,"showSkybox":true,"showFlares":true,"showImageEffects":true,"showParticleSystems":true,"showVisualEffectGraphs":true,"m_FxEnabled":true},"in2DMode":false,"pivot":{"x":125.58917236328125,"y":64.45429992675781,"z":138.84439086914063},"rotation":{"x":-0.4009799063205719,"y":-0.22252388298511506,"z":0.10108456760644913,"w":-0.8829087615013123},"size":166.25680541992188,"orthographic":false}